<Workspace xmlns:dbaudit="http://www.rightnow.com/schemas/dbaudit" ServerVersion="Oracle Service Cloud 21A SP1 (Build 265 - 03/13/2021 05:08)&#xD;&#xA; CE Version: rnw-release-21-2-0-1-sp1 PL: " ClientVersion="21.2.0.265" Type="Incident" UIType="Incident" IsMultiEdit="False" SpellCheckOnSave="False" SpellCheckAllowCancel="False" BrowserCompatibilityMode="False">
  <RecordTypes>
    <RecordType Id="1" Name="Incident" />
    <RecordType Id="126" Name="Asset" />
    <RecordType Id="10043" Name="CO$CardApprover" />
    <RecordType Id="10053" Name="CO$COforEM1" />
    <RecordType Id="6" Name="Contact" />
    <RecordType Id="10009" Name="CustParent$CPObject3" />
    <RecordType Id="10038" Name="DKT$Stores" />
    <RecordType Id="7" Name="Org" />
    <RecordType Id="8" Name="Task" />
    <RecordType Id="152" Name="Interaction" />
    <RecordType Id="10003" Name="CustomObjec$Custom4" />
    <RecordType Id="10004" Name="CustomObjec$Custom1" />
    <RecordType Id="10022" Name="CO$MyObject" />
    <RecordType Id="10024" Name="CO$AutomationCO1" />
    <RecordType Id="10029" Name="OSC$Sales_Oppty_Leads" />
    <RecordType Id="10032" Name="CustomObjec$Custom6" />
    <RecordType Id="10058" Name="CO$CODuplicateLabel" />
    <RecordType Id="10059" Name="CustomObjec$Letter" />
  </RecordTypes><Ribbon><RibbonTab TextLabelName="HOME_LBL"><RibbonGroup TextLabelName="SAVE_CMD"><RibbonButtonItem ItemId="Save" /><RibbonButtonItem ItemId="SaveAndClose" /></RibbonGroup><RibbonGroup TextLabelName="ACTIONS_LBL"><RibbonButtonItem ItemId="New" /><RibbonButtonItem ItemId="Refresh" /><RibbonButtonItem ItemId="Forward" /><RibbonButtonItem ButtonSize="Small" ItemId="Print" /><RibbonButtonItem ButtonSize="Small" ItemId="Copy" /><RibbonButtonItem ButtonSize="Small" ItemId="Delete" /></RibbonGroup><RibbonGroup TextLabelName="PROOFING_LBL"><RibbonButtonItem ItemId="SpellCheck" /></RibbonGroup><RibbonGroup TextLabelName="RELATED_ACTIVITIES_LBL"><RibbonButtonItem ItemId="DecisionTree"><Behavior SearchReportId="8013" SearchTree="True" SelectTree="True" /></RibbonButtonItem><RibbonButtonItem ItemId="Propose" /><RibbonButtonItem ItemId="BestAnswer" /><RibbonButtonItem ButtonSize="Small" ItemId="OfferAdvisor" /><RibbonButtonItem ButtonSize="Small" ItemId="NewServiceOpp" /><RibbonButtonItem ButtonSize="Small" ItemId="Appointment" /></RibbonGroup><RibbonGroup TextLabelName="LINKS_AND_INFO_LBL"><RibbonButtonItem ItemId="EditorLinks"><Links><LinkItem Title="Oracle Service Cloud" Url="http://cloud.oracle.com/service" /></Links></RibbonButtonItem><RibbonButtonItem ItemId="Separator" /><RibbonButtonItem ItemId="Info" /></RibbonGroup></RibbonTab></Ribbon><QuickAccessToolbar><QuickAccessToolbarItem ItemId="New" /><QuickAccessToolbarItem ItemId="Save" /><QuickAccessToolbarItem ItemId="SaveAndClose" /><QuickAccessToolbarItem ItemId="Print" /><QuickAccessToolbarItem ItemId="Bookmark" /></QuickAccessToolbar><Flag /><Info><InfoItem ObjectId="Incident" FieldId="IId" /><InfoItem ObjectId="Incident" FieldId="Created" /><InfoItem ObjectId="Incident" FieldId="Updated" /><InfoItem ObjectId="Incident" FieldId="InitialSoln" /><InfoItem ObjectId="Incident" FieldId="LastResp" /><InfoItem ObjectId="Incident" FieldId="RelDue" /><InfoItem ObjectId="Incident" FieldId="Closed" /><InfoItem ObjectId="Incident" FieldId="CreatedBy" /><InfoItem ObjectId="Incident" FieldId="RuleCtx.Escllevel" /><InfoItem ObjectId="Incident" FieldId="RuleCtx.State" /></Info><TabSet CanReorderTabs="True" Margin="0, 0, 0, 0" SummaryPanelAlignment="Top" SummaryPanelHeight="210" TabIndex="3" ThresholdHeight="310" WrapTabs="True" SummaryTab="0"><Tab Text="Summary" TextColor=""><Table BackColor="White" ColumnCount="0" ForeColor="Black" RowCount="3"><Field Row="0" Column="0" FieldId="Subject" ObjectId="Incident" TabIndex="0" Multiline="False" SpellCheck="False" /><Field Row="1" Column="0" FieldId="RefNo" ObjectId="Incident" TabIndex="1" Multiline="False" SpellCheck="False" AcceptsReturn="False" TrimTextWhitespace="True" /><Field Row="2" Column="0" FieldId="StatusId" ObjectId="Asset" TabIndex="2" /></Table></Tab><Tab Text="New Tab 1" TextColor="" /></TabSet></Workspace>