<Workspace xmlns:dbaudit="http://www.rightnow.com/schemas/dbaudit" ServerVersion="Oracle Service Cloud 19B SP4 (Build 255 - 09/19/2019 17:41)&#xD;&#xA; CE Version: rnw-release-19-5-0-1-sp4 PL: " ClientVersion="19.5.0.255" Type="Incident" UIType="Incident" IsMultiEdit="False" SpellCheckOnSave="False" SpellCheckAllowCancel="False" BrowserCompatibilityMode="False">
  <RecordTypes>
    <RecordType Id="1" Name="Incident" />
    <RecordType Id="126" Name="Asset" />
    <RecordType Id="6" Name="Contact" />
    <RecordType Id="7" Name="Org" />
    <RecordType Id="8" Name="Task" />
    <RecordType Id="49" Name="Chat" />
  </RecordTypes><Ribbon><RibbonTab TextLabelName="HOME_LBL"><RibbonGroup TextLabelName="SAVE_CMD"><RibbonButtonItem ItemId="Save" /><RibbonButtonItem ItemId="SaveAndClose" /></RibbonGroup><RibbonGroup TextLabelName="ACTIONS_LBL"><RibbonButtonItem ItemId="New" /><RibbonButtonItem ItemId="Refresh" /><RibbonButtonItem ItemId="Forward" /><RibbonButtonItem ItemId="Print" ButtonSize="Small" /><RibbonButtonItem ItemId="Copy" ButtonSize="Small" /><RibbonButtonItem ItemId="Delete" ButtonSize="Small" /></RibbonGroup><RibbonGroup TextLabelName="PROOFING_LBL"><RibbonButtonItem ItemId="SpellCheck" /></RibbonGroup><RibbonGroup TextLabelName="RELATED_ACTIVITIES_LBL"><RibbonButtonItem ItemId="DecisionTree"><Behavior SelectTree="True" SearchTree="True" SearchReportId="8013" /></RibbonButtonItem><RibbonButtonItem ItemId="Propose" /><RibbonButtonItem ItemId="BestAnswer" /><RibbonButtonItem ItemId="OfferAdvisor" ButtonSize="Small" /><RibbonButtonItem ItemId="NewServiceOpp" ButtonSize="Small" /><RibbonButtonItem ItemId="Appointment" ButtonSize="Small" /></RibbonGroup><RibbonGroup TextLabelName="LINKS_AND_INFO_LBL"><RibbonButtonItem ItemId="EditorLinks"><Links><LinkItem Title="Oracle Service Cloud" Url="http://cloud.oracle.com/service" /></Links></RibbonButtonItem><RibbonButtonItem ItemId="Separator" /><RibbonButtonItem ItemId="Info" /></RibbonGroup></RibbonTab></Ribbon><QuickAccessToolbar><QuickAccessToolbarItem ItemId="New" /><QuickAccessToolbarItem ItemId="Save" /><QuickAccessToolbarItem ItemId="SaveAndClose" /><QuickAccessToolbarItem ItemId="Print" /></QuickAccessToolbar><Flag /><Info><InfoItem ObjectId="Incident" FieldId="IId" /><InfoItem ObjectId="Incident" FieldId="Created" /><InfoItem ObjectId="Incident" FieldId="Updated" /><InfoItem ObjectId="Incident" FieldId="InitialSoln" /><InfoItem ObjectId="Incident" FieldId="LastResp" /><InfoItem ObjectId="Incident" FieldId="RelDue" /><InfoItem ObjectId="Incident" FieldId="Closed" /><InfoItem ObjectId="Incident" FieldId="CreatedBy" /><InfoItem ObjectId="Incident" FieldId="RuleCtx.Escllevel" /><InfoItem ObjectId="Incident" FieldId="RuleCtx.State" /></Info><TabSet CanReorderTabs="True" WrapTabs="True" SummaryPanelAlignment="Top" ThresholdHeight="310" SummaryPanelHeight="210" Margin="0, 0, 0, 0" TabIndex="3" Id="637007933834403899" SummaryTab="0"><Tab Text="Summary" TextColor=""><Table BackColor="White" ColumnCount="0" RowCount="3" ForeColor="Black"><Field Row="0" Column="0" ObjectId="Incident" FieldId="Status.Id" TabIndex="0" /><Field Row="1" Column="0" ObjectId="Incident" FieldId="Subject" TabIndex="1" SpellCheck="False" Multiline="False" /><Field Row="2" Column="0" ObjectId="Incident" FieldId="IId" TabIndex="2" TrimTextWhitespace="False" SpellCheck="False" Multiline="False" AcceptsReturn="False" /></Table></Tab><Tab Text="Incident" TextColor="Black" Id="637007933993192906"><Table BackColor="Transparent" ColumnCount="1" RowCount="1" ForeColor="Black"><Report Row="0" Column="0" AcId="100007" ExecuteOnNew="False" DelayReportExecution="True" ShowRowCount="False" TabIndex="0" Id="637007934233203678" /></Table></Tab><Tab Text="Contact" TextColor="" Id="637007934062293682"><Table BackColor="Transparent" ColumnCount="1" RowCount="1" ForeColor="Black"><Report Row="0" Column="0" AcId="100006" ExecuteOnNew="False" DelayReportExecution="True" ShowRowCount="False" TabIndex="0" Id="637007934274788298" /></Table></Tab></TabSet></Workspace>