<nav_optl_item><desktop_nav_set><desktopNavSetId>0</desktopNavSetId><label><label>siebel navset</label><langId>1</langId></label></desktop_nav_set><nav_list_folder><containerTbl>218</containerTbl><folderId>124370</folderId><interfaceId>1</interfaceId><label><label>Application menu</label><langId>1</langId></label><seq>1</seq><subIdentifier>24</subIdentifier></nav_list_folder><nav_list_folder><containerTbl>218</containerTbl><folderId>124371</folderId><interfaceId>1</interfaceId><label><label>Home</label><langId>1</langId></label><seq>2</seq><subIdentifier>1</subIdentifier></nav_list_folder><nav_list_folder><containerTbl>218</containerTbl><folderId>124372</folderId><interfaceId>1</interfaceId><label><label>Analytics</label><langId>1</langId></label><seq>3</seq><subIdentifier>2</subIdentifier></nav_list_folder><nav_list_folder><containerTbl>218</containerTbl><folderId>124373</folderId><interfaceId>1</interfaceId><label><label>Tasks</label><langId>1</langId></label><seq>4</seq><subIdentifier>3</subIdentifier></nav_list_folder><nav_list_folder><containerTbl>218</containerTbl><folderId>124374</folderId><interfaceId>1</interfaceId><label><label>Communication Center</label><langId>1</langId></label><seq>5</seq><subIdentifier>4</subIdentifier></nav_list_folder><nav_list_folder><containerTbl>218</containerTbl><folderId>124375</folderId><interfaceId>1</interfaceId><label><label>Contacts</label><langId>1</langId></label><seq>6</seq><subIdentifier>5</subIdentifier></nav_list_folder><nav_list_folder><containerTbl>218</containerTbl><folderId>124376</folderId><interfaceId>1</interfaceId><label><label>Organizations</label><langId>1</langId></label><seq>7</seq><subIdentifier>6</subIdentifier></nav_list_folder><nav_list_folder><containerTbl>218</containerTbl><folderId>124377</folderId><interfaceId>1</interfaceId><label><label>Answers</label><langId>1</langId></label><seq>8</seq><subIdentifier>7</subIdentifier></nav_list_folder><nav_list_folder><containerTbl>218</containerTbl><folderId>124378</folderId><interfaceId>1</interfaceId><label><label>Incidents</label><langId>1</langId></label><seq>9</seq><subIdentifier>8</subIdentifier></nav_list_folder><nav_list_folder><containerTbl>218</containerTbl><folderId>124379</folderId><interfaceId>1</interfaceId><label><label>Leads</label><langId>1</langId></label><seq>10</seq><subIdentifier>9</subIdentifier></nav_list_folder><nav_list_folder><containerTbl>218</containerTbl><folderId>124380</folderId><interfaceId>1</interfaceId><label><label>Opportunities</label><langId>1</langId></label><seq>11</seq><subIdentifier>10</subIdentifier></nav_list_folder><nav_list_folder><containerTbl>218</containerTbl><folderId>124381</folderId><interfaceId>1</interfaceId><label><label>Campaigns</label><langId>1</langId></label><seq>12</seq><subIdentifier>11</subIdentifier></nav_list_folder><nav_list_folder><containerTbl>218</containerTbl><folderId>124382</folderId><interfaceId>1</interfaceId><label><label>Surveys</label><langId>1</langId></label><seq>13</seq><subIdentifier>12</subIdentifier></nav_list_folder><nav_list_folder><containerTbl>218</containerTbl><folderId>124383</folderId><interfaceId>1</interfaceId><label><label>Mailings</label><langId>1</langId></label><seq>14</seq><subIdentifier>13</subIdentifier></nav_list_folder><nav_list_folder><containerTbl>218</containerTbl><folderId>124384</folderId><interfaceId>1</interfaceId><label><label>Content Library</label><langId>1</langId></label><seq>15</seq><subIdentifier>14</subIdentifier></nav_list_folder><nav_list_folder><containerTbl>218</containerTbl><folderId>124385</folderId><interfaceId>1</interfaceId><label><label>Audiences</label><langId>1</langId></label><seq>16</seq><subIdentifier>15</subIdentifier></nav_list_folder><nav_list_folder><containerTbl>218</containerTbl><folderId>124386</folderId><interfaceId>1</interfaceId><label><label>Quick Search</label><langId>1</langId></label><seq>17</seq><subIdentifier>16</subIdentifier></nav_list_folder><nav_list_folder><containerTbl>218</containerTbl><folderId>124387</folderId><interfaceId>1</interfaceId><label><label>Configuration</label><langId>1</langId></label><seq>18</seq><subIdentifier>17</subIdentifier></nav_list_folder><nav_list_folder><containerTbl>218</containerTbl><folderId>124398</folderId><interfaceId>1</interfaceId><label><label>Social Monitor</label><langId>1</langId></label><seq>19</seq><subIdentifier>22</subIdentifier></nav_list_folder><nav_list_folder><containerTbl>218</containerTbl><folderId>124399</folderId><interfaceId>1</interfaceId><label><label>Assets</label><langId>1</langId></label><seq>20</seq><subIdentifier>25</subIdentifier></nav_list_folder><nav_list_folder><folderId>124388</folderId><interfaceId>1</interfaceId><label><label>Staff Management</label><langId>1</langId></label><parent><value>124387</value></parent><seq>1</seq></nav_list_folder><nav_list_folder><folderId>124389</folderId><interfaceId>1</interfaceId><label><label>Application Appearance</label><langId>1</langId></label><parent><value>124387</value></parent><seq>2</seq></nav_list_folder><nav_list_folder><folderId>124390</folderId><interfaceId>1</interfaceId><label><label>Site Configuration</label><langId>1</langId></label><parent><value>124387</value></parent><seq>3</seq></nav_list_folder><nav_list_folder><folderId>124391</folderId><interfaceId>1</interfaceId><label><label>Internationalization</label><langId>1</langId></label><parent><value>124387</value></parent><seq>4</seq></nav_list_folder><nav_list_folder><folderId>124392</folderId><interfaceId>1</interfaceId><label><label>Service</label><langId>1</langId></label><parent><value>124387</value></parent><seq>5</seq></nav_list_folder><nav_list_folder><folderId>124395</folderId><interfaceId>1</interfaceId><label><label>Opportunity Tracking</label><langId>1</langId></label><parent><value>124387</value></parent><seq>6</seq></nav_list_folder><nav_list_folder><folderId>124396</folderId><interfaceId>1</interfaceId><label><label>Outreach</label><langId>1</langId></label><parent><value>124387</value></parent><seq>7</seq></nav_list_folder><nav_list_folder><folderId>124397</folderId><interfaceId>1</interfaceId><label><label>Database</label><langId>1</langId></label><parent><value>124387</value></parent><seq>8</seq></nav_list_folder><nav_list_folder><folderId>124393</folderId><interfaceId>1</interfaceId><label><label>Knowledge Base</label><langId>1</langId></label><parent><value>124387</value></parent><parent><value>124392</value></parent><seq>1</seq></nav_list_folder><nav_list_folder><folderId>124394</folderId><interfaceId>1</interfaceId><label><label>Service Level Agreements</label><langId>1</langId></label><parent><value>124387</value></parent><parent><value>124392</value></parent><seq>2</seq></nav_list_folder><desktop_nav_list_item><acId>13065</acId><desktopNavSetId>0</desktopNavSetId><dflt>false</dflt><folderId>124388</folderId><seq>1</seq><type>1</type></desktop_nav_list_item><desktop_nav_list_item><desktopNavSetId>0</desktopNavSetId><dflt>false</dflt><folderId>124389</folderId><seq>1</seq><type>37</type></desktop_nav_list_item><desktop_nav_list_item><desktopNavSetId>0</desktopNavSetId><dflt>false</dflt><folderId>124390</folderId><seq>1</seq><type>51</type></desktop_nav_list_item><desktop_nav_list_item><desktopNavSetId>0</desktopNavSetId><dflt>false</dflt><folderId>124391</folderId><seq>1</seq><type>52</type></desktop_nav_list_item><desktop_nav_list_item><desktopNavSetId>0</desktopNavSetId><dflt>false</dflt><folderId>124395</folderId><seq>1</seq><type>70</type></desktop_nav_list_item><desktop_nav_list_item><desktopNavSetId>0</desktopNavSetId><dflt>false</dflt><folderId>124396</folderId><seq>1</seq><type>85</type></desktop_nav_list_item><desktop_nav_list_item><desktopNavSetId>0</desktopNavSetId><dflt>false</dflt><folderId>124397</folderId><seq>1</seq><type>40</type></desktop_nav_list_item><desktop_nav_list_item><acId>13066</acId><desktopNavSetId>0</desktopNavSetId><dflt>false</dflt><folderId>124388</folderId><seq>2</seq><type>1</type></desktop_nav_list_item><desktop_nav_list_item><desktopNavSetId>0</desktopNavSetId><dflt>false</dflt><folderId>124389</folderId><seq>2</seq><type>43</type></desktop_nav_list_item><desktop_nav_list_item><desktopNavSetId>0</desktopNavSetId><dflt>false</dflt><folderId>124390</folderId><seq>2</seq><type>98</type></desktop_nav_list_item><desktop_nav_list_item><desktopNavSetId>0</desktopNavSetId><dflt>false</dflt><folderId>124391</folderId><seq>2</seq><type>50</type></desktop_nav_list_item><desktop_nav_list_item><desktopNavSetId>0</desktopNavSetId><dflt>false</dflt><folderId>124395</folderId><seq>2</seq><type>86</type></desktop_nav_list_item><desktop_nav_list_item><desktopNavSetId>0</desktopNavSetId><dflt>false</dflt><folderId>124396</folderId><seq>2</seq><type>91</type></desktop_nav_list_item><desktop_nav_list_item><desktopNavSetId>0</desktopNavSetId><dflt>false</dflt><folderId>124397</folderId><seq>2</seq><type>77</type></desktop_nav_list_item><desktop_nav_list_item><acId>13067</acId><desktopNavSetId>0</desktopNavSetId><dflt>false</dflt><folderId>124388</folderId><seq>3</seq><type>1</type></desktop_nav_list_item><desktop_nav_list_item><desktopNavSetId>0</desktopNavSetId><dflt>false</dflt><folderId>124389</folderId><seq>3</seq><type>44</type></desktop_nav_list_item><desktop_nav_list_item><desktopNavSetId>0</desktopNavSetId><dflt>false</dflt><folderId>124390</folderId><seq>3</seq><type>90</type></desktop_nav_list_item><desktop_nav_list_item><desktopNavSetId>0</desktopNavSetId><dflt>false</dflt><folderId>124392</folderId><seq>3</seq><type>66</type></desktop_nav_list_item><desktop_nav_list_item><desktopNavSetId>0</desktopNavSetId><dflt>false</dflt><folderId>124395</folderId><seq>3</seq><type>71</type></desktop_nav_list_item><desktop_nav_list_item><desktopNavSetId>0</desktopNavSetId><dflt>false</dflt><folderId>124397</folderId><recordType>0</recordType><seq>3</seq><type>93</type></desktop_nav_list_item><desktop_nav_list_item><acId>13121</acId><desktopNavSetId>0</desktopNavSetId><dflt>false</dflt><folderId>124388</folderId><recordType>0</recordType><seq>4</seq><type>1</type></desktop_nav_list_item><desktop_nav_list_item><desktopNavSetId>0</desktopNavSetId><dflt>false</dflt><folderId>124389</folderId><recordType>0</recordType><seq>4</seq><type>81</type></desktop_nav_list_item><desktop_nav_list_item><desktopNavSetId>0</desktopNavSetId><dflt>false</dflt><folderId>124390</folderId><recordType>0</recordType><seq>4</seq><type>99</type></desktop_nav_list_item><desktop_nav_list_item><desktopNavSetId>0</desktopNavSetId><dflt>false</dflt><folderId>124392</folderId><recordType>0</recordType><seq>4</seq><type>67</type></desktop_nav_list_item><desktop_nav_list_item><desktopNavSetId>0</desktopNavSetId><dflt>false</dflt><folderId>124395</folderId><recordType>0</recordType><seq>4</seq><type>73</type></desktop_nav_list_item><desktop_nav_list_item><desktopNavSetId>0</desktopNavSetId><dflt>false</dflt><folderId>124397</folderId><recordType>0</recordType><seq>4</seq><type>78</type></desktop_nav_list_item><desktop_nav_list_item><acId>13064</acId><desktopNavSetId>0</desktopNavSetId><dflt>false</dflt><folderId>124388</folderId><recordType>0</recordType><seq>5</seq><type>1</type></desktop_nav_list_item><desktop_nav_list_item><desktopNavSetId>0</desktopNavSetId><dflt>false</dflt><folderId>124389</folderId><recordType>0</recordType><seq>5</seq><type>49</type></desktop_nav_list_item><desktop_nav_list_item><desktopNavSetId>0</desktopNavSetId><dflt>false</dflt><folderId>124390</folderId><recordType>0</recordType><seq>5</seq><type>53</type></desktop_nav_list_item><desktop_nav_list_item><desktopNavSetId>0</desktopNavSetId><dflt>false</dflt><folderId>124392</folderId><recordType>0</recordType><seq>5</seq><type>68</type></desktop_nav_list_item><desktop_nav_list_item><desktopNavSetId>0</desktopNavSetId><dflt>false</dflt><folderId>124395</folderId><recordType>0</recordType><seq>5</seq><type>74</type></desktop_nav_list_item><desktop_nav_list_item><desktopNavSetId>0</desktopNavSetId><dflt>false</dflt><folderId>124397</folderId><recordType>0</recordType><seq>5</seq><type>87</type></desktop_nav_list_item><desktop_nav_list_item><desktopNavSetId>0</desktopNavSetId><dflt>false</dflt><folderId>124388</folderId><recordType>0</recordType><seq>6</seq><type>54</type></desktop_nav_list_item><desktop_nav_list_item><desktopNavSetId>0</desktopNavSetId><dflt>false</dflt><folderId>124390</folderId><recordType>0</recordType><seq>6</seq><type>72</type></desktop_nav_list_item><desktop_nav_list_item><desktopNavSetId>0</desktopNavSetId><dflt>false</dflt><folderId>124392</folderId><recordType>0</recordType><seq>6</seq><type>42</type></desktop_nav_list_item><desktop_nav_list_item><desktopNavSetId>0</desktopNavSetId><dflt>false</dflt><folderId>124395</folderId><recordType>0</recordType><seq>6</seq><type>75</type></desktop_nav_list_item><desktop_nav_list_item><desktopNavSetId>0</desktopNavSetId><dflt>false</dflt><folderId>124397</folderId><recordType>0</recordType><seq>6</seq><type>79</type></desktop_nav_list_item><desktop_nav_list_item><desktopNavSetId>0</desktopNavSetId><dflt>false</dflt><folderId>124390</folderId><recordType>0</recordType><seq>7</seq><type>83</type></desktop_nav_list_item><desktop_nav_list_item><desktopNavSetId>0</desktopNavSetId><dflt>false</dflt><folderId>124392</folderId><recordType>0</recordType><seq>7</seq><type>84</type></desktop_nav_list_item><desktop_nav_list_item><desktopNavSetId>0</desktopNavSetId><dflt>false</dflt><folderId>124395</folderId><recordType>0</recordType><seq>7</seq><type>76</type></desktop_nav_list_item><desktop_nav_list_item><desktopNavSetId>0</desktopNavSetId><dflt>false</dflt><folderId>124397</folderId><recordType>0</recordType><seq>7</seq><type>89</type></desktop_nav_list_item><desktop_nav_list_item><desktopNavSetId>0</desktopNavSetId><dflt>false</dflt><folderId>124390</folderId><recordType>0</recordType><seq>8</seq><type>55</type></desktop_nav_list_item><desktop_nav_list_item><desktopNavSetId>0</desktopNavSetId><dflt>false</dflt><folderId>124392</folderId><recordType>0</recordType><seq>8</seq><type>94</type></desktop_nav_list_item><desktop_nav_list_item><desktopNavSetId>0</desktopNavSetId><dflt>false</dflt><folderId>124390</folderId><recordType>0</recordType><seq>9</seq><type>56</type></desktop_nav_list_item><desktop_nav_list_item><desktopNavSetId>0</desktopNavSetId><dflt>false</dflt><folderId>124390</folderId><recordType>0</recordType><seq>10</seq><type>57</type></desktop_nav_list_item><desktop_nav_list_item><desktopNavSetId>0</desktopNavSetId><dflt>false</dflt><folderId>124390</folderId><recordType>0</recordType><seq>11</seq><type>69</type></desktop_nav_list_item><desktop_nav_list_item><desktopNavSetId>0</desktopNavSetId><dflt>false</dflt><folderId>124390</folderId><recordType>0</recordType><seq>12</seq><type>80</type></desktop_nav_list_item><desktop_nav_list_item><desktopNavSetId>0</desktopNavSetId><dflt>false</dflt><folderId>124390</folderId><recordType>0</recordType><seq>13</seq><type>97</type></desktop_nav_list_item><desktop_nav_list_item><desktopNavSetId>0</desktopNavSetId><dflt>false</dflt><folderId>124390</folderId><recordType>0</recordType><seq>14</seq><type>108</type></desktop_nav_list_item><desktop_nav_list_item><desktopNavSetId>0</desktopNavSetId><dflt>false</dflt><folderId>124393</folderId><recordType>0</recordType><seq>1</seq><type>58</type></desktop_nav_list_item><desktop_nav_list_item><desktopNavSetId>0</desktopNavSetId><dflt>false</dflt><folderId>124394</folderId><recordType>0</recordType><seq>1</seq><type>63</type></desktop_nav_list_item><desktop_nav_list_item><desktopNavSetId>0</desktopNavSetId><dflt>false</dflt><folderId>124393</folderId><recordType>0</recordType><seq>2</seq><type>60</type></desktop_nav_list_item><desktop_nav_list_item><desktopNavSetId>0</desktopNavSetId><dflt>false</dflt><folderId>124394</folderId><recordType>0</recordType><seq>2</seq><type>64</type></desktop_nav_list_item><desktop_nav_list_item><desktopNavSetId>0</desktopNavSetId><dflt>false</dflt><folderId>124393</folderId><recordType>0</recordType><seq>3</seq><type>59</type></desktop_nav_list_item><desktop_nav_list_item><desktopNavSetId>0</desktopNavSetId><dflt>false</dflt><folderId>124394</folderId><recordType>0</recordType><seq>3</seq><type>65</type></desktop_nav_list_item><desktop_nav_list_item><desktopNavSetId>0</desktopNavSetId><dflt>false</dflt><folderId>124393</folderId><recordType>0</recordType><seq>4</seq><type>62</type></desktop_nav_list_item><desktop_nav_list_item><desktopNavSetId>0</desktopNavSetId><dflt>false</dflt><folderId>124393</folderId><recordType>0</recordType><seq>5</seq><type>61</type></desktop_nav_list_item></nav_optl_item>