<StandardText>
    <attributes>
        <displayRightToLeft>false</displayRightToLeft>
    </attributes>
    <contentValues>
        <contentType>
            <id>1</id>
        </contentType>
        <value>Please tell us how we are doing.  Click here to provide feedback.

Or use Link: https://surveysays.walmart.com/survey/frjoMJDA5

Thank you

Gesila Fales  
WFM Specialist
Workforce Management
Walmart Contact Center
2008 S. Thompson 
Springdale, AR 72764


Gesila.Fales@walmart.com           

              
Save money. Live better.
</value>
    </contentValues>
    <contentValues>
        <contentType>
            <id>2</id>
        </contentType>
        <value>&lt;SPAN&gt;&lt;DIV&gt;Please tell us how we are doing.&amp;#160; &lt;A href="https://surveysays.walmart.com/survey/frjoMJDA5" title="Click to follow link: https://surveysays.walmart.com/survey/frjoMJDA5" dir="LTR"&gt;&lt;SPAN&gt;Click here to provide feedback.&lt;/SPAN&gt;&lt;/A&gt;&lt;SPAN&gt;&amp;#160;&lt;/SPAN&gt;&lt;/DIV&gt;&lt;DIV&gt;&amp;#160;&lt;/DIV&gt;&lt;DIV&gt;Lydia Gipson&lt;/DIV&gt;&lt;DIV&gt;Workforce Management Coordinator&lt;/DIV&gt;&lt;DIV&gt;Phone 479-204-8411&lt;/DIV&gt;&lt;DIV&gt;Lydia.Gipson@walmart.com&lt;/DIV&gt;&lt;DIV&gt;Walmart&lt;/DIV&gt;&lt;DIV&gt;2100 SE 5th St&lt;/DIV&gt;&lt;DIV&gt;Bentonville AR 72712-0705&lt;/DIV&gt;&lt;DIV&gt;Save money. Live better.&lt;/DIV&gt;&lt;DIV&gt;&amp;#160;&lt;/DIV&gt;&lt;DIV&gt;&amp;#160;&lt;/DIV&gt;&lt;DIV&gt;&amp;#160;&lt;/DIV&gt;&lt;DIV&gt;&lt;SPAN&gt;&amp;#160;&lt;/SPAN&gt;&lt;/DIV&gt;&lt;/SPAN&gt;</value>
    </contentValues>
    <displayOrder>11</displayOrder>
    <folder>
        <id>118593</id>
        <lookupName>WFM</lookupName>
    </folder>
    <hotKey>Lydia</hotKey>
    <id>987</id>
    <name>Lydia WFM Feedback</name>
    <usage>
        <incidentText>true</incidentText>
        <ruleText>false</ruleText>
    </usage>
</StandardText>