<StandardText>
    <attributes>
        <displayRightToLeft>false</displayRightToLeft>
    </attributes>
    <contentValues>
        <contentType>
            <id>1</id>
        </contentType>
        <value>Please tell us how we are doing.  Click here to provide feedback. 
 
Lydia Gipson
Workforce Management Coordinator
Phone 479-204-8411
Lydia.Gipson@walmart.com
Walmart
2100 SE 5th St
Bentonville AR 72712-0705
Save money. Live better.
 
 
 
 
</value>
    </contentValues>
    <contentValues>
        <contentType>
            <id>2</id>
        </contentType>
        <value>&lt;SPAN&gt;&lt;DIV&gt;&lt;DIV&gt;Please tell us how we are doing. &lt;A href="https://surveysays.walmart.com/survey/frjoMJDA5" title="Click to follow link: https://surveysays.walmart.com/survey/frjoMJDA5" dir="LTR"&gt;&lt;SPAN&gt;Click here to provide feedback .&lt;/SPAN&gt;&lt;/A&gt;&lt;/DIV&gt;&lt;DIV&gt;&amp;#160;&lt;/DIV&gt;&lt;DIV&gt;&amp;#160;&lt;/DIV&gt;&lt;DIV&gt;Sandy Boivin &lt;/DIV&gt;&lt;DIV&gt;Workforce Management Analyst&lt;/DIV&gt;&lt;DIV&gt;Phone 479-204-3048&lt;/DIV&gt;&lt;DIV&gt;sandra.boivin@walmart.com&lt;/DIV&gt;&lt;DIV&gt;&amp;#160;&lt;/DIV&gt;&lt;DIV&gt;Walmart Contact Center&lt;/DIV&gt;&lt;DIV&gt;2008 South Thompson Street&lt;/DIV&gt;&lt;DIV&gt;Springdale, AR 72764&lt;/DIV&gt;&lt;DIV&gt;&amp;#160;&lt;/DIV&gt;&lt;DIV&gt;&lt;SPAN&gt;&amp;#160;&lt;/SPAN&gt;&lt;/DIV&gt;&lt;DIV&gt;&lt;SPAN&gt;&amp;#160;&lt;/SPAN&gt;&lt;/DIV&gt;&lt;DIV&gt;&lt;SPAN&gt;&amp;#160;&lt;/SPAN&gt;&lt;/DIV&gt;&lt;DIV&gt;&lt;SPAN&gt;&amp;#160;&lt;/SPAN&gt;&lt;/DIV&gt;&lt;DIV&gt;&lt;SPAN&gt;&lt;SPAN&gt;&amp;#160;&lt;/SPAN&gt;&lt;/SPAN&gt;&lt;/DIV&gt;&lt;/DIV&gt;&lt;/SPAN&gt;</value>
    </contentValues>
    <displayOrder>13</displayOrder>
    <folder>
        <id>118593</id>
        <lookupName>WFM</lookupName>
    </folder>
    <hotKey>Sandy</hotKey>
    <id>994</id>
    <name>New Sandy WFM Feedback</name>
    <usage>
        <incidentText>true</incidentText>
        <ruleText>false</ruleText>
    </usage>
</StandardText>