<StandardText>
    <attributes>
        <displayRightToLeft>false</displayRightToLeft>
    </attributes>
    <contentValues>
        <contentType>
            <id>1</id>
        </contentType>
        <value>Your ticket has been resolved. Please confirm via Aspect. If you have any questions, please reach out to us. 

Thank you. 
Workforce Management Solutions- WMCC</value>
    </contentValues>
    <contentValues>
        <contentType>
            <id>2</id>
        </contentType>
        <value>&lt;SPAN&gt;&lt;DIV&gt;&lt;DIV&gt;Please tell us how we are doing. &lt;A href="https://surveysays.walmart.com/survey/frjoMJDA5" title="Click to follow link: https://surveysays.walmart.com/survey/frjoMJDA5" dir="LTR"&gt;&lt;SPAN&gt;Click here to provide feedback.&lt;/SPAN&gt;&lt;/A&gt;&lt;/DIV&gt;&lt;DIV&gt; Thanks,&lt;/DIV&gt;&lt;DIV&gt;Jean Burr&amp;#160;  &lt;/DIV&gt;&lt;DIV&gt;WFM Specialist&lt;/DIV&gt;&lt;DIV&gt;Workforce Management&lt;/DIV&gt;&lt;DIV&gt;2008 S. Thompson St.&lt;/DIV&gt;&lt;DIV&gt;Springdale, AR 72764&lt;/DIV&gt;&lt;DIV&gt;ijburr@wal-mart.com&lt;/DIV&gt;&lt;DIV&gt;&amp;#160;&lt;/DIV&gt;&lt;DIV&gt;&amp;#160;&lt;/DIV&gt;&lt;DIV&gt;&amp;#160;&lt;/DIV&gt;&lt;DIV&gt;“Everyone who’s anyone can be someone that they’ve always wanted to!”&lt;/DIV&gt;&lt;DIV&gt;&lt;SPAN&gt;&amp;#160;&lt;/SPAN&gt;&lt;/DIV&gt;&lt;/DIV&gt;&lt;/SPAN&gt;</value>
    </contentValues>
    <displayOrder>1</displayOrder>
    <folder>
        <id>118593</id>
        <lookupName>WFM</lookupName>
    </folder>
    <hotKey>Jean</hotKey>
    <id>611</id>
    <name>Jean WFM Feedback</name>
    <usage>
        <incidentText>true</incidentText>
        <ruleText>false</ruleText>
    </usage>
</StandardText>