<Workspace xmlns:dbaudit="http://www.rightnow.com/schemas/dbaudit" ServerVersion="Oracle Service Cloud 19B (Build 255 - 05/03/2019 04:18)" ClientVersion="19.5.0.255" Type="Incident" UIType="Incident" IsMultiEdit="False" SpellCheckOnSave="False" SpellCheckAllowCancel="False" BrowserCompatibilityMode="False">
  <RecordTypes>
    <RecordType Id="1" Name="Incident" />
    <RecordType Id="126" Name="Asset" />
    <RecordType Id="10043" Name="CO$CardApprover" />
    <RecordType Id="10053" Name="CO$COforEM1" />
    <RecordType Id="6" Name="Contact" />
    <RecordType Id="10009" Name="CustParent$CPObject3" />
    <RecordType Id="10038" Name="DKT$Stores" />
    <RecordType Id="7" Name="Org" />
    <RecordType Id="8" Name="Task" />
    <RecordType Id="10003" Name="CustomObjec$Custom4" />
    <RecordType Id="10004" Name="CustomObjec$Custom1" />
    <RecordType Id="10022" Name="CO$MyObject" />
    <RecordType Id="10024" Name="CO$AutomationCO1" />
    <RecordType Id="10029" Name="OSC$Sales_Oppty_Leads" />
    <RecordType Id="10032" Name="CustomObjec$Custom6" />
  </RecordTypes><Ribbon><RibbonTab TextLabelName="HOME_LBL"><RibbonGroup TextLabelName="SAVE_CMD"><RibbonButtonItem ItemId="Save" /><RibbonButtonItem ItemId="SaveAndClose" /></RibbonGroup><RibbonGroup TextLabelName="ACTIONS_LBL"><RibbonButtonItem ItemId="New" /><RibbonButtonItem ItemId="Refresh" /><RibbonButtonItem ItemId="Forward" /><RibbonButtonItem ItemId="Separator" /><RibbonButtonItem ItemId="Print" ButtonSize="Small" /><RibbonButtonItem ItemId="Copy" ButtonSize="Small" /><RibbonButtonItem ItemId="Delete" ButtonSize="Small" /><RibbonButtonItem ItemId="SaveAndSend" /></RibbonGroup><RibbonGroup TextLabelName="PROOFING_LBL"><RibbonButtonItem ItemId="SpellCheck" /></RibbonGroup><RibbonGroup TextLabelName="RELATED_ACTIVITIES_LBL"><RibbonButtonItem ItemId="DecisionTree"><Behavior SelectTree="True" SearchTree="True" SearchReportId="8013" /></RibbonButtonItem><RibbonButtonItem ItemId="Propose" /><RibbonButtonItem ItemId="BestAnswer" /><RibbonButtonItem ItemId="OfferAdvisor" ButtonSize="Small" /><RibbonButtonItem ItemId="NewServiceOpp" ButtonSize="Small" /><RibbonButtonItem ItemId="Appointment" ButtonSize="Small" /></RibbonGroup><RibbonGroup TextLabelName="LINKS_AND_INFO_LBL"><RibbonButtonItem ItemId="EditorLinks"><Links><LinkItem Title="Oracle Service Cloud" Url="http://www.oracle.com/rightnowcx" /></Links></RibbonButtonItem><RibbonButtonItem ItemId="Separator" /><RibbonButtonItem ItemId="Info" /></RibbonGroup></RibbonTab></Ribbon><QuickAccessToolbar><QuickAccessToolbarItem ItemId="New" /><QuickAccessToolbarItem ItemId="Save" /><QuickAccessToolbarItem ItemId="SaveAndClose" /><QuickAccessToolbarItem ItemId="Print" /><QuickAccessToolbarItem ItemId="BestAnswer" /><QuickAccessToolbarItem ItemId="Copy" /><QuickAccessToolbarItem ItemId="Delete" /><QuickAccessToolbarItem ItemId="Refresh" /><QuickAccessToolbarItem ItemId="SaveAndSend" /><QuickAccessToolbarItem ItemId="SaveAndSendAndClose" /><QuickAccessToolbarItem ItemId="Forward" /><QuickAccessToolbarItem ItemId="SpellCheck" /></QuickAccessToolbar><Flag Id="636071208223168827" /><Info><InfoItem ObjectId="Incident" FieldId="IId" /><InfoItem ObjectId="Incident" FieldId="Created" /><InfoItem ObjectId="Incident" FieldId="Updated" /><InfoItem ObjectId="Incident" FieldId="InitialSoln" /><InfoItem ObjectId="Incident" FieldId="LastResp" /><InfoItem ObjectId="Incident" FieldId="RelDue" /><InfoItem ObjectId="Incident" FieldId="Closed" /><InfoItem ObjectId="Incident" FieldId="CreatedBy" /><InfoItem ObjectId="Incident" FieldId="RuleCtx.Escllevel" /><InfoItem ObjectId="Incident" FieldId="RuleCtx.State" /></Info><Table ColumnCount="1" RowCount="3" ForeColor="Black" BackColor="Transparent"><Field Row="0" Column="0" ObjectId="Incident" FieldId="RefNo" TabIndex="0" SpellCheck="False" Multiline="False" TrimTextWhitespace="True" AcceptsReturn="False" /><Field Row="1" Column="0" ObjectId="Incident" FieldId="Assigned" TabIndex="1" /><TabSet Row="2" Column="0" Margin="0, 0, 0, 0" TabIndex="2" CanReorderTabs="True" WrapTabs="True"><Tab TextColor="" Text="New Tab 1" Id="636941338839148334"><Table ColumnCount="1" RowCount="1" ForeColor="Black"><Report Row="0" Column="0" AcId="102038" ShowRowCount="False" DelayReportExecution="True" TabIndex="0" SearchReportId="0" ExecuteOnNew="False" Id="636963767850842648" /></Table></Tab><Tab TextColor="Black" Text="New Tab 2" Id="636941338861028573"><Table ColumnCount="1" RowCount="1" ForeColor="Black"><Report Row="0" Column="0" AcId="102037" ShowRowCount="False" DelayReportExecution="True" TabIndex="0" SearchReportId="0" ExecuteOnNew="False" Id="636963767995453160" /></Table></Tab></TabSet></Table></Workspace>