<Workspace xmlns:dbaudit="http://www.rightnow.com/schemas/dbaudit" ServerVersion="Oracle Service Cloud 19B (Build 255 - 05/03/2019 04:18)" ClientVersion="19.5.0.255" Type="Incident" UIType="Incident" IsMultiEdit="False" SpellCheckOnSave="False" SpellCheckAllowCancel="False" BrowserCompatibilityMode="False">
  <RecordTypes>
    <RecordType Id="1" Name="Incident" />
    <RecordType Id="126" Name="Asset" />
    <RecordType Id="10043" Name="CO$CardApprover" />
    <RecordType Id="10053" Name="CO$COforEM1" />
    <RecordType Id="6" Name="Contact" />
    <RecordType Id="10009" Name="CustParent$CPObject3" />
    <RecordType Id="10038" Name="DKT$Stores" />
    <RecordType Id="7" Name="Org" />
    <RecordType Id="8" Name="Task" />
    <RecordType Id="10003" Name="CustomObjec$Custom4" />
    <RecordType Id="10004" Name="CustomObjec$Custom1" />
    <RecordType Id="10022" Name="CO$MyObject" />
    <RecordType Id="10024" Name="CO$AutomationCO1" />
    <RecordType Id="10029" Name="OSC$Sales_Oppty_Leads" />
    <RecordType Id="10032" Name="CustomObjec$Custom6" />
  </RecordTypes><Ribbon><RibbonTab TextLabelName="HOME_LBL"><RibbonGroup TextLabelName="SAVE_CMD"><RibbonButtonItem ItemId="Save" /><RibbonButtonItem ItemId="SaveAndClose" /></RibbonGroup><RibbonGroup TextLabelName="ACTIONS_LBL"><RibbonButtonItem ItemId="New" /><RibbonButtonItem ItemId="Refresh" /><RibbonButtonItem ItemId="Forward" /><RibbonButtonItem ItemId="Print" ButtonSize="Small" /><RibbonButtonItem ItemId="Copy" ButtonSize="Small" /><RibbonButtonItem ItemId="Delete" ButtonSize="Small" /></RibbonGroup><RibbonGroup TextLabelName="PROOFING_LBL"><RibbonButtonItem ItemId="SpellCheck" /></RibbonGroup><RibbonGroup TextLabelName="RELATED_ACTIVITIES_LBL"><RibbonButtonItem ItemId="DecisionTree" ><Behavior SelectTree="True" SearchTree="True" SearchReportId="8013" /></RibbonButtonItem><RibbonButtonItem ItemId="Propose" /><RibbonButtonItem ItemId="BestAnswer" /><RibbonButtonItem ItemId="OfferAdvisor" ButtonSize="Small" /><RibbonButtonItem ItemId="NewServiceOpp" ButtonSize="Small" /><RibbonButtonItem ItemId="Appointment" ButtonSize="Small" /></RibbonGroup><RibbonGroup TextLabelName="LINKS_AND_INFO_LBL"><RibbonButtonItem ItemId="EditorLinks" ><Links><LinkItem Title="Oracle Service Cloud" Url="http://cloud.oracle.com/service" /></Links></RibbonButtonItem><RibbonButtonItem ItemId="Separator" /><RibbonButtonItem ItemId="Info" /></RibbonGroup></RibbonTab></Ribbon><QuickAccessToolbar><QuickAccessToolbarItem ItemId="New" /><QuickAccessToolbarItem ItemId="Save" /><QuickAccessToolbarItem ItemId="SaveAndClose" /><QuickAccessToolbarItem ItemId="Print" /></QuickAccessToolbar><Flag /><Info><InfoItem ObjectId="Incident" FieldId="IId" /><InfoItem ObjectId="Incident" FieldId="Created" /><InfoItem ObjectId="Incident" FieldId="Updated" /><InfoItem ObjectId="Incident" FieldId="InitialSoln" /><InfoItem ObjectId="Incident" FieldId="LastResp" /><InfoItem ObjectId="Incident" FieldId="RelDue" /><InfoItem ObjectId="Incident" FieldId="Closed" /><InfoItem ObjectId="Incident" FieldId="CreatedBy" /><InfoItem ObjectId="Incident" FieldId="RuleCtx.Escllevel" /><InfoItem ObjectId="Incident" FieldId="RuleCtx.State" /></Info><TabSet CanReorderTabs="True" WrapTabs="True" SummaryPanelAlignment="Top" ThresholdHeight="310" SummaryPanelHeight="210" Margin="0, 0, 0, 0" TabIndex="3" Id="636958819421993739" SummaryTab="0"><Tab Text="Summary" TextColor=""><Table BackColor="White" ColumnCount="0" RowCount="2" ForeColor="0, 0, 0"><Field Row="0" Column="0" ObjectId="Incident" FieldId="Assigned" TabIndex="0" /><Field Row="1" Column="0" ObjectId="Incident" FieldId="RefNo" TabIndex="1" TrimTextWhitespace="True" SpellCheck="False" Multiline="False" AcceptsReturn="False" /></Table></Tab><Tab Text="Report1" TextColor="" Id="636958819719793713"><Table ColumnCount="1" RowCount="1" ForeColor="0, 0, 0"><Report Row="0" Column="0" SearchReportId="0" AcId="102042" ExecuteOnNew="False" DelayReportExecution="True" ShowRowCount="False" TabIndex="0" Id="636958819910163718" /></Table></Tab><Tab Text="Contact Report" TextColor="Black" Id="636958819958553693"><Table ColumnCount="1" RowCount="1" ForeColor="0, 0, 0"><Report Row="0" Column="0" SearchReportId="0" AcId="102043" ExecuteOnNew="False" DelayReportExecution="True" ShowRowCount="False" TabIndex="0" Id="636958820219756945" /></Table></Tab></TabSet></Workspace>