<StandardText>
    <attributes>
        <displayRightToLeft>false</displayRightToLeft>
    </attributes>
    <contentValues>
        <contentType>
            <id>1</id>
        </contentType>
        <value>Completed

Employee Termination Completion Form

Employee Info:
User Admin:
Change Employee Status?
ACD # cleared?
Master Skill Roster cleared?
Completed By:
</value>
    </contentValues>
    <contentValues>
        <contentType>
            <id>2</id>
        </contentType>
        <value>&lt;SPAN&gt;&lt;DIV&gt;&lt;DIV&gt;&lt;SPAN&gt;&lt;SPAN&gt;Please tell us how we are doing. &lt;/SPAN&gt;&lt;/SPAN&gt;&lt;A href="https://surveysays.walmart.com/survey/frjoMJDA5" title="Click to follow link: https://surveysays.walmart.com/survey/frjoMJDA5" dir="LTR" STYLE="color:#0066CC;"&gt;&lt;SPAN&gt;&lt;SPAN&gt;&lt;SPAN&gt;Click here to provide feedback&lt;/SPAN&gt;&lt;/SPAN&gt;&lt;/SPAN&gt;&lt;/A&gt;&lt;SPAN&gt;&lt;SPAN&gt;&amp;#160;&lt;/SPAN&gt;&lt;SPAN&gt;. &lt;/SPAN&gt;&lt;/SPAN&gt;&lt;/DIV&gt;&lt;DIV&gt;&lt;SPAN&gt;&lt;SPAN&gt;&amp;#160;&lt;/SPAN&gt;&lt;/SPAN&gt;&lt;/DIV&gt;&lt;DIV&gt;&lt;SPAN&gt;&amp;#160;Wes Mounts | Workforce Management&lt;/SPAN&gt;&lt;/DIV&gt;&lt;DIV&gt;&lt;SPAN&gt;Specialist, Real-Time Analysis&lt;/SPAN&gt;&lt;/DIV&gt;&lt;DIV&gt;&lt;SPAN&gt;Wesley.Mounts@walmart.com&lt;/SPAN&gt;&lt;/DIV&gt;&lt;DIV&gt;&lt;SPAN&gt;Central Operations Execution and Communication&lt;/SPAN&gt;&lt;/DIV&gt;&lt;DIV&gt;&lt;SPAN&gt;2100 SE 5TH Street&lt;/SPAN&gt;&lt;/DIV&gt;&lt;DIV&gt;&lt;SPAN&gt;Bentonville, AR 72712 &lt;/SPAN&gt;&lt;/DIV&gt;&lt;DIV&gt;&lt;SPAN&gt;Save Money. Live Better.&lt;/SPAN&gt;&lt;/DIV&gt;&lt;DIV&gt;&lt;SPAN&gt;&amp;#160;&lt;/SPAN&gt;&lt;/DIV&gt;&lt;/DIV&gt;&lt;/SPAN&gt;</value>
    </contentValues>
    <displayOrder>14</displayOrder>
    <folder>
        <id>118593</id>
        <lookupName>WFM</lookupName>
    </folder>
    <hotKey>Wesley</hotKey>
    <id>995</id>
    <name>Wesley WFM Feedback</name>
    <usage>
        <incidentText>true</incidentText>
        <ruleText>false</ruleText>
    </usage>
</StandardText>