<StandardText>
    <attributes>
        <displayRightToLeft>false</displayRightToLeft>
    </attributes>
    <contentValues>
        <contentType>
            <id>1</id>
        </contentType>
        <value>Your Issue has been resolved. Please confirm via IEX. If you have any questions, please reach out to us. 

Please tell us how we are doing. Click here to provide feedback . 
 
 
David M. Prince
Specialist I, Business Analysis And Insights
Workforce Solutions- WMCC Branch
David.Prince@walmart.com
 
Walmart Contact Center
2100 SE 5th St.
Bentonville, AR 72712
Save Money. Live Better
</value>
    </contentValues>
    <contentValues>
        <contentType>
            <id>2</id>
        </contentType>
        <value>&lt;SPAN&gt;&lt;DIV&gt;&lt;DIV&gt;&lt;SPAN&gt;Your Issue has been resolved. Please confirm via IEX. If you have any questions, please reach out to us. &lt;/SPAN&gt;&lt;SPAN&gt;&lt;SPAN&gt;&amp;#160;&lt;/SPAN&gt;&lt;BR /&gt;&lt;SPAN&gt;&amp;#160;&lt;/SPAN&gt;&lt;BR /&gt;&lt;SPAN&gt;Please tell us how we are doing. &lt;/SPAN&gt;&lt;/SPAN&gt;&lt;A href="https://surveysays.walmart.com/survey/frjoMJDA5" title="Click to follow link: https://surveysays.walmart.com/survey/frjoMJDA5" dir="LTR" STYLE="color:#0066CC;"&gt;&lt;SPAN&gt;&lt;SPAN&gt;&lt;SPAN&gt;Click here to provide feedback&lt;/SPAN&gt;&lt;/SPAN&gt;&lt;/SPAN&gt;&lt;/A&gt;&lt;SPAN&gt;&lt;SPAN&gt;&lt;SPAN&gt;&amp;#160;&lt;/SPAN&gt;. &lt;/SPAN&gt;&lt;/SPAN&gt;&lt;/DIV&gt;&lt;DIV&gt;&lt;SPAN&gt;&lt;SPAN&gt;&amp;#160;&lt;/SPAN&gt;&lt;/SPAN&gt;&lt;/DIV&gt;&lt;DIV&gt;&lt;SPAN&gt;&lt;SPAN&gt;&amp;#160;&lt;/SPAN&gt;&lt;/SPAN&gt;&lt;/DIV&gt;&lt;DIV&gt;&lt;SPAN&gt;&lt;SPAN&gt;David M. Prince&lt;/SPAN&gt;&lt;/SPAN&gt;&lt;/DIV&gt;&lt;DIV&gt;&lt;SPAN&gt;&lt;SPAN&gt;Specialist I, Business Analysis And Insights&lt;/SPAN&gt;&lt;/SPAN&gt;&lt;/DIV&gt;&lt;DIV&gt;&lt;SPAN&gt;&lt;SPAN&gt;Workforce Solutions- WMCC Branch&lt;/SPAN&gt;&lt;/SPAN&gt;&lt;/DIV&gt;&lt;DIV&gt;&lt;SPAN&gt;&lt;SPAN&gt;David.Prince@walmart.com&lt;/SPAN&gt;&lt;/SPAN&gt;&lt;/DIV&gt;&lt;DIV&gt;&lt;SPAN&gt;&lt;SPAN&gt;&amp;#160;&lt;/SPAN&gt;&lt;/SPAN&gt;&lt;/DIV&gt;&lt;DIV&gt;&lt;SPAN&gt;&lt;SPAN&gt;Walmart Contact Center&lt;/SPAN&gt;&lt;/SPAN&gt;&lt;/DIV&gt;&lt;DIV&gt;&lt;SPAN&gt;&lt;SPAN&gt;2100 SE 5th St.&lt;/SPAN&gt;&lt;/SPAN&gt;&lt;/DIV&gt;&lt;DIV&gt;&lt;SPAN&gt;&lt;SPAN&gt;Bentonville, AR 72712&lt;/SPAN&gt;&lt;/SPAN&gt;&lt;/DIV&gt;&lt;DIV&gt;&lt;SPAN&gt;&lt;SPAN&gt;Save Money. Live Better.&lt;/SPAN&gt;&lt;/SPAN&gt;&lt;/DIV&gt;&lt;DIV&gt;&lt;SPAN&gt;&lt;SPAN&gt;&amp;#160;&lt;/SPAN&gt;&lt;/SPAN&gt;&lt;/DIV&gt;&lt;DIV&gt;&lt;SPAN&gt;&lt;SPAN&gt;&lt;SPAN&gt;&amp;#160;&lt;/SPAN&gt;&lt;/SPAN&gt;&lt;/SPAN&gt;&lt;/DIV&gt;&lt;/DIV&gt;&lt;/SPAN&gt;</value>
    </contentValues>
    <displayOrder>12</displayOrder>
    <folder>
        <id>118593</id>
        <lookupName>WFM</lookupName>
    </folder>
    <hotKey>David</hotKey>
    <id>993</id>
    <name>David WFM Feedback</name>
    <usage>
        <incidentText>true</incidentText>
        <ruleText>false</ruleText>
    </usage>
</StandardText>