<StandardText>
    <attributes>
        <displayRightToLeft>false</displayRightToLeft>
    </attributes>
    <contentValues>
        <contentType>
            <id>1</id>
        </contentType>
        <value>Please tell us how we are doing.  Click here to provide feedback.

Kim Austin
Workforce Management Specialist
Phone 479-204-8411
kim.austin@walmart.com         
Walmart
Save money. Live better.

 
</value>
    </contentValues>
    <contentValues>
        <contentType>
            <id>2</id>
        </contentType>
        <value>&lt;SPAN&gt;&lt;DIV&gt;&lt;DIV&gt;&lt;BR /&gt;&lt;SPAN&gt;&lt;BR /&gt;&amp;#160;&lt;BR /&gt;&lt;/SPAN&gt;Please tell us how we are doing.&amp;#160; &lt;A href="https://surveysays.walmart.com/survey/frjoMJDA5" title="Click to follow link: https://surveysays.walmart.com/survey/frjoMJDA5" dir="LTR"&gt;&lt;SPAN&gt;Click here to provide feedback.&lt;/SPAN&gt;&lt;/A&gt;&lt;SPAN&gt;&amp;#160;&lt;/SPAN&gt;&lt;BR /&gt;&lt;BR /&gt;Kim Austin&lt;BR /&gt;Workforce Management Specialist&lt;BR /&gt;Phone 479-204-8411&lt;BR /&gt;kim.austin@walmart.com&amp;#160; &amp;#160; &amp;#160; &amp;#160;  &lt;BR /&gt;Walmart&lt;BR /&gt;Save money. Live better.&lt;BR /&gt;&lt;BR /&gt;&amp;#160;&lt;BR /&gt;&lt;SPAN&gt;&lt;BR /&gt;&lt;BR /&gt;&lt;/SPAN&gt;&lt;/DIV&gt;&lt;/DIV&gt;&lt;/SPAN&gt;</value>
    </contentValues>
    <displayOrder>8</displayOrder>
    <folder>
        <id>118593</id>
        <lookupName>WFM</lookupName>
    </folder>
    <hotKey>Kim</hotKey>
    <id>984</id>
    <name>Kim Austin Feedback</name>
    <usage>
        <incidentText>true</incidentText>
        <ruleText>false</ruleText>
    </usage>
</StandardText>