<StandardText>
    <attributes>
        <displayRightToLeft>false</displayRightToLeft>
    </attributes>
    <contentValues>
        <contentType>
            <id>1</id>
        </contentType>
        <value>Your request has been sent to exceptions for approval. Please reach out if you have any questions. 

Thank you.
Workforce Management Solutions- WMCC</value>
    </contentValues>
    <contentValues>
        <contentType>
            <id>2</id>
        </contentType>
        <value>&lt;SPAN&gt;&lt;DIV&gt;Adam Jackson&lt;/DIV&gt;&lt;DIV&gt;Walmart Contact Center&lt;/DIV&gt;&lt;DIV&gt;Please tell us how we are doing.&amp;#160; &lt;A href="https://surveysays.walmart.com/survey/frjoMJDA5" title="Click to follow link: https://surveysays.walmart.com/survey/frjoMJDA5" dir="LTR"&gt;&lt;SPAN&gt;Click here to provide feedback.&lt;/SPAN&gt;&lt;/A&gt;&lt;SPAN&gt;&amp;#160;&lt;/SPAN&gt;&lt;/DIV&gt;&lt;DIV&gt;&lt;SPAN&gt;&amp;#160;&lt;/SPAN&gt;&lt;/DIV&gt;&lt;/SPAN&gt;</value>
    </contentValues>
    <displayOrder>5</displayOrder>
    <folder>
        <id>118593</id>
        <lookupName>WFM</lookupName>
    </folder>
    <hotKey>Adam</hotKey>
    <id>614</id>
    <name>Adam Jackson WFM FeedBack</name>
    <usage>
        <incidentText>true</incidentText>
        <ruleText>false</ruleText>
    </usage>
</StandardText>