<StandardText>
    <attributes>
        <displayRightToLeft>false</displayRightToLeft>
    </attributes>
    <contentValues>
        <contentType>
            <id>1</id>
        </contentType>
        <value>Please tell us how we are doing.  Click here to provide feedback.

Or use Link: https://surveysays.walmart.com/survey/frjoMJDA5

Thank you,

Sam Hendricks
WFM Specialist
Workforce Management
Walmart Contact Center
2008 S. Thompson 
Springdale, AR 72764


Samuel.Hendricks@walmart.com           

              
Save money. Live better.
Springdale, AR 72764
Save money. Live better.
 
</value>
    </contentValues>
    <contentValues>
        <contentType>
            <id>2</id>
        </contentType>
        <value>&lt;SPAN&gt;&lt;DIV&gt;&lt;SPAN&gt;Please tell us how we are doing.&amp;#160; &lt;/SPAN&gt;&lt;A href="https://surveysays.walmart.com/survey/frjoMJDA5" title="Click to follow link: https://surveysays.walmart.com/survey/frjoMJDA5" dir="LTR"&gt;&lt;SPAN&gt;Click here to provide feedback.&lt;/SPAN&gt;&lt;/A&gt;&lt;BR /&gt;&lt;BR /&gt;&lt;SPAN&gt;Or use Link: https://surveysays.walmart.com/survey/frjoMJDA5&lt;/SPAN&gt;&lt;BR /&gt;&lt;BR /&gt;&lt;SPAN&gt;Thank you,&lt;/SPAN&gt;&lt;BR /&gt;&lt;BR /&gt;&lt;SPAN&gt;Sam Hendricks&lt;/SPAN&gt;&lt;BR /&gt;&lt;SPAN&gt;WFM Specialist&lt;/SPAN&gt;&lt;BR /&gt;&lt;SPAN&gt;Workforce Management&lt;/SPAN&gt;&lt;BR /&gt;&lt;SPAN&gt;Walmart Contact Center&lt;/SPAN&gt;&lt;BR /&gt;&lt;SPAN&gt;2008 S. Thompson &lt;/SPAN&gt;&lt;BR /&gt;&lt;SPAN&gt;Springdale, AR 72764&lt;/SPAN&gt;&lt;BR /&gt;&lt;BR /&gt;&lt;BR /&gt;&lt;SPAN&gt;Samuel.Hendricks@walmart.com&amp;#160; &amp;#160; &amp;#160; &amp;#160; &amp;#160;  &lt;/SPAN&gt;&lt;BR /&gt;&lt;BR /&gt;&lt;SPAN&gt;&amp;#160; &amp;#160; &amp;#160; &amp;#160; &amp;#160; &amp;#160; &amp;#160; &lt;/SPAN&gt;&lt;BR /&gt;&lt;SPAN&gt;Save money. Live better.&lt;/SPAN&gt;&lt;BR /&gt;&lt;SPAN&gt;Springdale, AR 72764&lt;/SPAN&gt;&lt;BR /&gt;&lt;SPAN&gt;Save money. Live better.&lt;/SPAN&gt;&lt;BR /&gt;&lt;SPAN&gt;&amp;#160;&lt;/SPAN&gt;&lt;BR /&gt;&lt;BR /&gt;&lt;/DIV&gt;&lt;/SPAN&gt;</value>
    </contentValues>
    <displayOrder>15</displayOrder>
    <folder>
        <id>118593</id>
        <lookupName>WFM</lookupName>
    </folder>
    <hotKey>Sam</hotKey>
    <id>999</id>
    <name>Sam WFM Feedback</name>
    <usage>
        <incidentText>true</incidentText>
        <ruleText>false</ruleText>
    </usage>
</StandardText>