<StandardText>
    <attributes>
        <displayRightToLeft>false</displayRightToLeft>
    </attributes>
    <contentValues>
        <contentType>
            <id>1</id>
        </contentType>
        <value>Please tell us how we are doing.  Click here to provide feedback.

Or use Link: https://surveysays.walmart.com/survey/frjoMJDA5

Thank you

Gesila Fales  
WFM Specialist
Workforce Management
Walmart Contact Center
2008 S. Thompson 
Springdale, AR 72764


Gesila.Fales@walmart.com           

              
Save money. Live better.
</value>
    </contentValues>
    <contentValues>
        <contentType>
            <id>2</id>
        </contentType>
        <value>&lt;SPAN&gt;&lt;DIV&gt;&lt;DIV&gt;Please tell us how we are doing.&amp;#160; &lt;A href="https://surveysays.walmart.com/survey/frjoMJDA5" title="Click to follow link: https://surveysays.walmart.com/survey/frjoMJDA5" dir="LTR"&gt;&lt;SPAN&gt;Click here to provide feedback.&lt;/SPAN&gt;&lt;/A&gt;&lt;SPAN&gt;&amp;#160;&lt;/SPAN&gt;&lt;/DIV&gt;&lt;DIV&gt;&amp;#160;&lt;/DIV&gt;&lt;DIV&gt;Or use Link: https://surveysays.walmart.com/survey/frjoMJDA5&lt;/DIV&gt;&lt;DIV&gt;&amp;#160;&lt;/DIV&gt;&lt;DIV&gt;Thank you&lt;/DIV&gt;&lt;DIV&gt;&amp;#160;&lt;/DIV&gt;&lt;DIV&gt;Gesila Fales&amp;#160; &lt;/DIV&gt;&lt;DIV&gt;WFM Specialist&lt;/DIV&gt;&lt;DIV&gt;Workforce Management&lt;/DIV&gt;&lt;DIV&gt;Walmart Contact Center&lt;/DIV&gt;&lt;DIV&gt;2008 S. Thompson &lt;/DIV&gt;&lt;DIV&gt;Springdale, AR 72764&lt;/DIV&gt;&lt;DIV&gt;&amp;#160;&lt;/DIV&gt;&lt;DIV&gt;&amp;#160;&lt;/DIV&gt;&lt;DIV&gt;Gesila.Fales@walmart.com&amp;#160; &amp;#160; &amp;#160; &amp;#160; &amp;#160;  &lt;/DIV&gt;&lt;DIV&gt;&amp;#160;&lt;/DIV&gt;&lt;DIV&gt;&amp;#160; &amp;#160; &amp;#160; &amp;#160; &amp;#160; &amp;#160; &amp;#160; &lt;/DIV&gt;&lt;DIV&gt;Save money. Live better.&lt;/DIV&gt;&lt;DIV&gt;&lt;SPAN&gt;&amp;#160;&lt;/SPAN&gt;&lt;/DIV&gt;&lt;/DIV&gt;&lt;/SPAN&gt;</value>
    </contentValues>
    <displayOrder>10</displayOrder>
    <folder>
        <id>118593</id>
        <lookupName>WFM</lookupName>
    </folder>
    <hotKey>Gesila</hotKey>
    <id>986</id>
    <name>Gesila WFM Feedback</name>
    <usage>
        <incidentText>true</incidentText>
        <ruleText>true</ruleText>
    </usage>
</StandardText>