<StandardText>
    <attributes>
        <displayRightToLeft>false</displayRightToLeft>
    </attributes>
    <contentValues>
        <contentType>
            <id>1</id>
        </contentType>
        <value>Your Issue has been resolved. Please confirm via IEX. If you have any questions, please reach out to us. 

Thank you. 
Workforce Management Solutions- WMCC

Please tell us how we are doing.  Click here to provide feedback
https://surveysays.walmart.com/survey/frjoMJDA5
</value>
    </contentValues>
    <displayOrder>6</displayOrder>
    <folder>
        <id>118593</id>
        <lookupName>WFM</lookupName>
    </folder>
    <hotKey>WFM</hotKey>
    <id>982</id>
    <name>WFM Feedback</name>
    <usage>
        <incidentText>true</incidentText>
        <ruleText>false</ruleText>
    </usage>
</StandardText>